,installment_commitment,residence_since,existing_credits,num_dependents,checking_status,credit_history,purpose,savings_status,employment,personal_status,other_parties,property_magnitude,other_payment_plans,housing,job,own_telephone,foreign_worker,duration_bin,credit_amount_bin,age_bin
0,4,4,2,1,1,1,7,4,3,3,2,2,1,1,3,1,1,1,2,5
1,2,2,1,1,0,3,7,2,0,0,2,2,1,1,3,0,1,4,4,2
2,2,3,1,2,3,1,4,2,1,3,2,2,1,1,2,0,1,1,2,4
3,2,4,1,2,1,3,5,2,1,3,1,0,1,0,3,0,1,4,4,4
4,3,4,2,2,1,2,1,2,0,3,2,1,1,0,3,0,1,2,3,5
5,2,4,1,2,3,3,4,4,0,3,2,1,1,0,2,1,1,3,4,3
9,4,2,2,1,0,1,1,2,4,2,2,3,1,1,0,0,1,3,4,2
10,3,1,1,1,0,3,1,2,2,0,2,3,1,2,3,0,1,1,2,2
11,3,4,1,1,1,3,3,2,2,0,2,0,1,2,3,0,1,4,3,2
12,1,1,1,1,0,3,7,2,0,0,2,3,1,1,3,1,1,1,2,2
15,4,2,1,1,1,3,7,0,0,0,2,3,1,1,2,0,1,2,2,3
16,4,4,2,1,3,1,7,4,3,3,2,0,1,1,3,0,1,2,2,5
17,2,3,3,1,1,4,3,4,2,3,2,3,0,1,3,0,1,3,4,2
18,4,2,1,1,0,3,2,2,3,0,2,1,1,0,0,1,1,2,5,4
19,3,2,1,2,3,3,7,1,3,3,2,3,1,1,3,1,1,2,3,3
21,2,3,1,2,1,3,7,1,0,3,2,2,1,2,3,0,1,1,2,4
22,1,3,2,2,1,1,1,2,2,3,2,2,1,2,2,0,0,1,2,4
25,1,2,1,1,1,3,5,2,0,3,2,2,0,1,2,1,1,1,2,3
26,4,4,1,1,3,4,7,2,3,2,2,3,1,1,2,0,1,1,1,3
27,3,3,2,1,2,0,7,3,0,0,2,2,1,2,3,0,1,1,1,4
28,3,2,1,1,0,3,7,2,0,3,1,2,1,1,3,0,1,1,2,3
30,3,3,1,1,0,3,3,3,2,2,2,2,0,1,3,1,1,2,2,3
31,2,2,1,1,1,3,5,2,0,3,2,3,2,1,3,0,1,2,3,2
32,2,2,2,1,0,3,1,0,0,3,2,3,1,1,3,1,1,2,4,2
33,4,4,1,1,3,1,3,4,3,3,2,1,1,2,2,0,1,1,2,5
34,4,1,1,1,2,3,5,2,2,0,2,0,0,1,0,1,1,1,2,3
36,1,3,1,1,3,1,4,2,0,3,2,1,0,0,3,1,1,4,4,3
39,4,3,1,1,0,3,7,2,0,3,2,2,1,1,3,0,1,1,1,2
41,3,1,1,1,0,3,7,1,0,1,2,3,1,1,3,1,1,1,2,2
42,2,4,1,2,0,2,8,2,0,3,2,2,1,1,2,1,1,2,4,4
49,4,2,1,1,3,3,7,0,0,0,0,2,1,1,3,0,1,1,2,2
51,1,2,2,1,0,2,2,2,3,3,2,3,1,1,0,1,1,3,4,2
52,3,2,1,1,3,3,7,2,0,3,2,3,1,1,3,0,1,1,2,2
53,2,1,1,1,3,3,2,4,0,3,2,0,1,1,3,1,1,2,3,3
54,4,4,2,1,0,2,1,2,3,3,2,1,0,0,3,1,1,3,2,5
55,1,2,1,2,3,0,1,4,0,3,1,2,2,1,2,0,1,1,1,2
56,2,1,1,1,0,3,7,4,4,3,2,1,1,1,0,1,1,1,4,5
57,2,2,2,1,3,1,7,2,0,0,2,3,2,1,3,0,1,3,4,3
58,3,2,1,1,2,3,1,2,3,0,2,3,1,1,0,0,1,2,2,2
59,4,4,2,1,1,1,5,2,2,0,0,1,1,2,2,1,1,3,4,2
60,2,1,1,1,0,3,3,2,0,2,2,2,0,1,3,1,1,1,2,2
61,4,4,2,1,0,1,7,4,3,3,1,2,1,1,3,1,1,2,2,4
62,4,4,1,1,0,4,3,2,3,3,2,1,1,0,0,1,1,3,2,5
63,2,2,1,1,0,4,3,2,0,3,2,3,1,1,3,1,1,4,5,2
64,4,4,1,1,3,3,7,2,2,0,2,0,1,1,3,1,1,2,3,2
65,4,4,4,2,3,3,8,4,3,3,2,0,1,1,3,1,1,3,4,4
66,2,2,1,1,3,3,7,2,2,0,2,3,0,1,3,0,1,1,2,2
70,1,2,1,1,3,3,2,2,0,0,2,0,0,1,3,0,1,3,4,2
71,4,2,2,1,3,1,7,4,3,3,2,0,1,2,2,1,1,1,1,4
73,2,1,2,1,0,1,3,2,1,0,2,2,0,1,2,0,1,4,4,4
75,4,4,2,1,1,1,2,2,3,3,2,1,1,0,0,0,1,1,2,5
76,4,3,1,1,1,3,7,2,2,3,2,3,1,1,3,0,1,4,3,3
77,2,4,1,1,0,2,7,2,1,3,2,0,1,1,3,0,1,1,3,5
80,1,1,2,1,3,3,7,4,2,0,2,3,1,1,3,1,1,2,4,4
81,4,3,1,1,3,3,7,1,3,3,2,0,2,1,3,1,1,2,2,4
82,3,4,1,1,3,3,3,0,0,0,2,0,1,2,2,0,1,2,2,2
83,4,4,1,1,1,3,6,2,3,0,1,2,1,1,2,1,1,2,2,5
84,3,4,1,1,1,3,7,2,3,3,2,2,1,1,2,0,1,1,2,5
85,4,2,2,1,3,1,3,2,0,0,1,2,1,1,0,1,1,1,2,2
86,4,1,2,1,0,1,5,2,2,0,2,0,1,1,3,0,1,2,2,2
88,4,3,1,2,1,3,1,0,1,3,2,3,1,1,0,1,1,2,2,2
89,4,3,2,1,1,4,8,2,1,3,2,2,1,1,3,0,1,1,2,2
90,4,4,1,1,3,1,7,2,3,3,2,2,1,1,3,0,1,1,1,5
91,4,3,1,1,1,1,2,2,3,3,2,2,1,1,3,0,1,1,2,5
93,4,4,2,1,2,1,5,4,3,3,0,1,1,2,3,0,1,2,3,1
94,4,4,1,1,0,3,1,3,3,3,2,2,1,1,3,1,1,1,2,5
96,4,2,1,1,3,1,4,4,1,0,2,3,1,1,3,0,1,1,2,5
97,4,4,1,1,0,3,3,0,0,3,2,3,1,1,3,0,1,2,2,3
98,4,4,1,1,0,1,7,2,3,3,2,2,1,1,3,0,1,3,2,3
99,3,4,2,2,0,2,2,4,1,3,2,0,0,2,0,1,1,2,4,3
100,4,4,1,1,3,3,1,0,3,2,2,2,1,2,2,0,1,2,2,4
101,4,4,1,1,0,3,7,2,1,3,2,3,1,2,3,0,1,3,2,2
104,2,4,1,1,3,3,2,4,2,2,2,3,1,2,3,1,1,1,2,2
106,2,4,2,2,3,0,1,2,3,3,2,1,0,1,0,1,1,2,4,3
107,2,2,1,1,0,3,1,2,1,3,2,3,1,1,3,0,1,1,4,3
108,1,2,1,1,1,3,5,4,2,0,2,0,1,1,3,1,0,2,4,2
110,1,2,2,2,0,2,3,0,3,1,2,3,0,1,3,0,1,1,2,3
112,3,3,1,1,0,3,1,2,1,3,2,2,1,2,2,0,1,2,4,2
113,4,2,2,1,3,1,1,2,0,0,2,2,2,1,3,1,1,3,4,2
114,3,1,1,1,1,3,7,1,3,2,2,2,1,1,3,0,1,1,2,3
116,4,3,1,1,1,3,7,4,1,0,2,3,1,1,0,1,1,4,4,2
118,1,4,2,1,1,1,5,1,0,0,2,3,1,1,3,0,1,3,3,2
120,3,2,2,1,1,3,7,2,0,0,2,2,1,1,3,1,1,2,2,2
123,4,4,2,1,2,1,1,2,3,3,2,1,1,0,3,1,1,1,1,5
124,4,3,1,1,0,3,5,4,2,0,2,2,1,2,3,0,1,2,2,2
125,4,2,2,1,1,1,1,2,0,3,2,0,1,1,3,0,1,1,2,2
126,4,2,1,1,1,3,7,2,0,2,2,2,1,1,2,0,1,1,1,3
127,4,2,1,1,0,3,8,2,0,3,2,3,1,1,3,0,1,1,1,2
128,4,2,2,1,0,1,2,2,4,3,2,3,1,1,0,1,1,1,2,3
129,3,2,2,1,1,1,1,2,0,0,0,2,1,1,3,0,1,1,3,2
131,4,3,1,1,1,2,4,2,0,3,2,0,2,1,3,1,1,3,4,2
132,2,3,2,1,3,3,5,2,2,3,2,0,0,1,2,0,1,2,2,2
133,4,4,2,1,3,3,5,2,0,3,2,1,0,0,3,0,1,2,2,4
134,2,4,1,1,3,3,7,0,1,0,2,2,1,1,3,1,1,5,5,2
135,4,2,2,1,3,1,7,4,3,0,2,2,1,1,3,1,1,1,2,3
136,2,2,2,1,3,2,2,3,0,3,2,3,1,1,3,0,1,3,4,2
137,4,3,1,1,0,3,7,1,0,3,2,2,1,1,2,0,1,1,1,5
140,2,2,1,1,2,3,1,3,2,2,2,2,1,1,1,0,0,1,1,2
143,2,2,1,1,1,3,5,2,0,3,2,3,1,1,3,0,1,2,2,2
144,4,4,1,1,3,1,5,2,2,0,2,0,1,1,3,1,1,2,2,2
145,4,2,1,1,0,0,3,0,1,3,2,3,1,1,3,0,1,4,3,2
146,1,4,2,1,1,1,1,2,3,0,2,1,1,1,3,1,1,1,1,3
147,4,3,2,1,3,1,1,0,1,0,2,3,1,1,3,1,1,1,1,5
149,4,4,2,1,3,1,7,3,3,3,2,3,1,1,3,0,1,2,2,4
150,2,4,1,2,3,3,7,0,3,3,2,1,0,0,3,1,1,1,2,4
151,1,4,1,1,3,3,7,2,0,3,2,0,1,1,3,1,0,1,2,3
152,4,1,1,1,2,3,7,2,0,3,2,3,1,1,3,0,1,3,4,2
153,2,4,1,1,0,1,2,3,3,0,2,1,1,2,3,0,1,2,4,2
154,4,4,1,1,0,2,3,0,1,3,2,3,1,2,0,1,1,2,4,3
155,2,4,1,1,1,3,5,2,0,0,2,3,1,2,3,0,1,1,2,1
156,3,4,2,2,1,1,8,0,3,3,1,2,1,1,3,0,0,1,2,4
157,4,1,1,1,1,0,9,2,3,2,2,3,0,1,2,0,1,1,1,4
158,2,3,2,1,0,3,1,0,1,3,2,3,0,1,3,1,1,2,3,3
159,1,2,2,2,3,1,7,4,0,3,2,2,1,1,2,0,1,1,2,3
160,3,4,1,2,3,1,7,0,3,3,2,2,1,1,3,1,1,2,2,3
162,4,3,2,1,3,3,0,1,1,3,2,0,1,1,3,1,1,2,2,3
163,2,4,1,1,0,3,1,2,4,3,2,1,0,0,0,1,1,1,4,5
164,4,4,1,1,3,3,1,1,3,3,2,0,1,1,3,0,1,3,1,3
165,1,2,1,1,3,3,5,1,0,3,2,3,1,1,3,1,1,1,2,3
166,4,2,1,1,1,3,5,2,4,0,2,3,1,1,3,0,1,2,2,3
167,4,1,1,1,0,3,5,3,2,0,2,2,1,1,3,0,1,1,2,1
168,2,4,1,1,3,3,5,2,1,0,2,0,1,2,3,1,1,2,3,2
170,4,3,2,2,1,4,1,2,3,3,2,3,1,2,3,0,1,2,1,3
171,4,1,1,1,3,3,5,2,0,0,2,2,1,1,3,1,1,1,1,2
172,3,2,1,1,0,2,5,2,4,0,2,0,1,1,0,1,1,2,2,3
173,4,2,1,1,0,3,7,2,0,3,1,2,1,1,3,0,0,1,2,3
174,2,1,2,1,1,2,4,2,2,3,2,0,1,1,3,0,1,2,3,2
175,4,1,1,1,3,0,2,4,4,0,2,2,0,1,0,1,1,3,4,5
176,2,1,1,1,1,3,5,2,0,1,2,3,1,1,3,0,1,1,2,4
177,4,4,2,1,1,1,7,1,3,3,2,3,1,1,3,0,1,1,1,5
178,4,2,2,2,3,3,7,2,1,3,2,3,1,2,0,1,1,1,2,3
179,4,4,2,1,1,1,1,2,3,3,2,2,1,1,3,0,1,2,1,5
181,2,2,2,1,0,2,3,2,0,1,2,2,2,1,0,1,1,3,3,2
182,4,2,2,2,1,0,1,4,0,3,2,0,1,1,2,0,1,2,2,3
183,4,4,1,1,3,1,5,3,0,3,2,2,1,1,3,1,1,2,3,4
184,4,4,1,2,0,1,1,2,3,3,2,3,0,1,3,1,1,2,1,3
185,4,2,2,1,3,1,7,2,0,3,2,0,1,1,3,0,1,2,2,3
186,2,4,1,2,0,0,2,2,3,0,2,1,0,0,0,1,1,1,4,5
187,2,3,3,1,0,1,1,2,4,3,2,3,1,0,1,1,1,2,2,5
188,4,1,1,1,1,3,7,0,1,2,2,0,1,1,3,0,1,1,1,1
189,1,4,2,1,0,4,5,2,0,0,2,3,0,1,3,1,1,2,3,3
190,2,3,3,1,3,3,3,3,0,3,2,0,1,1,0,1,1,2,3,5
191,4,4,1,2,0,4,3,0,1,3,2,1,1,0,2,0,1,4,3,3
192,4,2,1,2,0,3,3,2,0,3,2,3,1,1,3,1,1,3,3,3
193,2,2,1,1,3,3,7,2,1,2,2,2,1,2,3,0,1,1,2,2
194,4,4,1,1,0,3,7,0,0,3,1,0,1,2,3,0,1,4,3,2
195,2,3,2,1,0,1,4,2,3,0,2,3,1,1,0,1,1,1,2,3
196,1,1,2,1,3,1,7,2,0,0,2,3,1,1,3,1,1,1,2,2
197,4,4,4,1,0,3,5,0,2,0,2,3,0,2,3,0,1,1,1,2
198,4,4,1,1,0,3,2,4,3,3,2,1,0,0,3,1,1,2,2,3
199,4,3,1,1,0,2,5,2,3,1,2,1,1,1,0,1,1,2,3,3
200,4,2,2,1,3,1,4,1,3,3,2,3,1,1,3,1,1,1,1,5
201,4,3,1,1,1,3,1,2,0,2,2,2,1,1,2,0,1,1,2,2
202,3,4,2,1,3,2,3,2,1,3,2,3,1,1,3,0,1,3,4,2
203,4,4,1,1,1,3,9,2,1,2,2,0,1,2,3,0,1,1,1,2
204,4,1,2,2,3,1,1,2,3,3,2,2,1,1,2,0,1,1,2,3
205,3,4,3,2,1,1,2,2,3,3,2,1,1,0,0,1,1,3,5,3
206,4,4,3,1,3,1,5,2,3,3,2,2,1,1,3,1,1,1,2,4
207,4,3,1,1,0,1,0,2,1,3,2,0,1,1,3,0,1,1,2,2
208,2,2,1,1,1,3,3,2,0,2,2,3,2,1,2,0,1,2,4,2
209,3,2,1,1,3,3,2,3,1,3,2,0,1,1,3,0,0,1,2,5
211,2,4,1,1,3,3,7,4,3,0,2,2,1,1,2,1,1,3,3,4
212,2,4,2,1,1,4,3,2,4,3,2,0,2,1,3,1,1,3,4,4
213,4,4,1,1,2,2,3,2,3,3,2,2,1,1,0,1,1,3,2,5
214,4,2,1,1,3,1,7,4,3,3,2,3,1,1,3,1,1,3,3,5
215,1,3,2,1,0,1,9,4,1,0,2,0,1,1,2,0,1,1,1,3
216,3,1,1,1,1,4,3,2,1,3,2,0,0,1,3,1,1,2,3,3
217,2,2,1,1,2,3,7,2,0,3,2,2,1,1,3,1,1,3,3,2
218,2,2,1,1,1,3,5,2,0,1,2,2,1,2,2,0,1,2,3,2
219,2,4,1,1,3,3,1,2,0,0,2,3,1,1,3,1,1,1,2,5
220,4,1,1,1,0,3,7,2,2,2,1,2,0,1,2,0,1,1,1,2
221,4,4,1,1,1,3,4,4,0,0,2,0,0,2,3,1,1,1,2,2
223,4,4,2,2,3,2,3,4,0,3,2,2,1,1,3,1,1,2,2,3
224,3,2,1,1,3,3,2,2,0,3,2,3,1,1,3,1,1,2,3,2
225,4,2,2,1,3,4,8,2,0,3,2,3,1,1,3,0,1,3,2,2
226,1,2,2,1,0,3,7,3,1,3,0,1,0,1,3,1,1,4,5,2
228,4,2,1,1,3,3,7,2,1,3,2,3,1,1,3,0,1,1,2,2
231,2,4,1,1,3,3,1,1,3,3,2,1,1,0,2,0,1,1,2,5
232,3,1,1,1,3,3,7,0,1,3,2,1,1,1,3,0,1,1,2,3
233,4,2,1,1,0,3,7,2,0,2,1,2,1,1,2,0,1,2,1,2
234,2,1,3,2,3,1,7,2,1,3,2,2,1,1,2,0,1,1,2,4
235,4,2,1,2,1,3,7,2,4,3,2,3,2,1,0,0,1,2,2,2
236,1,2,1,1,0,3,1,4,4,3,2,0,1,1,1,1,1,1,5,2
237,4,2,2,1,0,3,3,0,3,1,2,3,0,2,2,0,1,2,2,5
238,4,2,2,1,3,1,7,2,0,0,2,0,1,1,3,0,1,1,2,3
241,3,2,1,2,3,3,7,2,1,3,2,0,1,1,3,0,1,1,2,5
243,3,2,2,1,3,1,3,2,0,0,2,2,1,1,3,0,1,1,2,2
244,4,3,1,2,3,0,9,1,0,0,2,2,1,1,2,0,1,1,3,3
245,4,1,1,1,3,3,3,2,1,3,2,2,1,1,3,1,1,2,2,2
246,4,4,3,1,3,1,7,2,3,3,2,2,1,1,3,0,1,1,1,5
248,2,2,1,1,2,3,5,2,0,3,2,2,1,1,3,0,1,2,2,2
251,1,2,1,1,2,3,5,2,0,0,2,3,1,1,2,0,1,1,2,4
253,2,3,2,1,3,2,5,0,0,3,2,0,1,1,3,0,1,2,3,3
254,2,1,1,1,0,3,5,4,1,3,2,3,1,1,3,1,1,1,2,2
255,1,1,1,1,0,2,7,4,0,3,2,2,1,1,2,0,1,5,4,2
256,4,2,2,1,3,1,7,2,0,3,2,2,1,1,2,0,1,2,2,3
257,4,1,1,1,1,0,7,2,0,1,2,1,1,0,3,0,1,1,2,2
260,2,2,1,1,1,3,5,2,0,3,2,2,1,1,3,0,1,1,2,2
261,4,4,1,1,1,3,7,2,3,0,2,3,1,1,3,0,1,2,2,5
262,2,4,3,1,1,1,1,2,3,3,2,1,1,0,0,1,1,2,4,3
263,2,4,3,1,3,1,4,2,3,0,2,1,0,0,2,0,1,1,2,5
264,3,4,2,2,3,1,1,2,3,3,2,2,1,1,2,0,0,1,2,3
265,4,3,1,2,0,3,7,2,3,3,2,3,1,1,3,0,1,2,1,3
266,4,4,2,1,3,1,3,4,3,3,2,2,1,1,3,0,1,3,4,3
267,4,3,1,1,3,3,7,2,2,0,2,3,2,1,3,1,1,2,2,3
268,1,4,1,1,1,3,1,2,3,1,2,0,1,1,0,1,0,2,4,4
269,4,2,2,1,3,3,7,4,3,3,2,3,1,1,3,0,1,2,1,2
271,3,4,1,1,3,1,5,1,1,0,2,3,1,2,3,1,1,1,2,3
272,4,4,1,1,0,0,1,4,4,3,0,1,1,0,0,1,1,4,5,3
273,4,4,2,1,0,3,7,2,1,3,2,2,1,1,3,0,1,4,3,2
274,1,1,1,1,1,3,8,2,2,1,2,1,1,1,2,1,1,3,5,3
275,1,2,1,2,3,3,7,2,0,3,2,2,1,1,3,0,1,1,2,3
278,1,4,1,1,3,3,5,2,2,0,2,0,1,1,3,0,1,1,3,3
279,4,4,1,1,3,3,7,0,0,3,2,3,1,2,0,1,1,2,2,2
280,3,4,2,1,3,1,2,3,3,3,2,1,1,2,3,1,1,2,3,2
281,4,2,1,1,3,3,5,2,0,3,2,2,1,1,3,0,1,1,2,4
282,4,4,1,1,2,0,7,4,1,3,2,3,0,1,2,0,1,2,2,4
283,4,4,1,1,3,1,5,4,3,3,2,0,1,1,3,0,1,2,2,5
285,1,1,1,1,1,3,1,2,2,0,2,2,1,1,2,1,1,4,5,3
286,4,3,1,2,1,3,2,2,1,3,2,0,1,1,3,0,1,4,3,2
287,2,4,1,1,0,2,6,0,4,3,2,1,1,0,0,1,1,4,4,3
288,4,4,2,1,0,3,7,2,0,0,1,2,1,1,3,1,1,1,2,4
289,4,4,1,1,1,2,7,2,2,2,2,2,2,1,3,0,1,2,2,4
290,2,2,1,1,3,3,3,2,0,2,2,2,1,1,3,1,0,1,2,2
291,1,4,1,1,0,3,2,2,2,2,2,3,1,2,0,1,1,3,4,2
292,2,4,2,2,1,1,2,2,3,0,2,1,1,0,0,1,1,2,4,4
293,4,4,1,1,2,1,2,2,3,3,2,1,1,0,3,0,1,4,3,5
294,4,2,2,2,3,1,3,4,3,1,2,3,0,1,0,0,1,4,4,4
295,1,2,1,1,0,3,5,2,2,0,2,3,1,1,3,1,1,4,4,2
297,4,2,1,1,3,3,1,4,3,3,0,0,1,1,2,0,0,1,2,4
298,3,4,1,1,3,3,5,2,0,3,2,2,1,1,3,1,1,2,2,4
299,3,2,2,1,0,1,5,3,1,3,2,3,1,1,3,1,1,2,2,3
301,4,1,1,1,0,4,7,2,0,0,2,3,1,1,3,1,1,3,3,4
302,4,2,2,2,2,1,1,4,1,3,2,2,0,1,2,0,1,2,2,3
304,2,2,1,1,3,1,1,1,0,3,2,1,0,0,3,0,1,4,5,4
305,4,2,1,1,3,3,5,3,0,1,2,2,1,1,3,0,1,1,2,3
306,2,4,1,1,3,3,2,4,1,0,2,0,2,2,2,0,1,3,3,2
307,4,3,1,1,1,3,7,0,2,2,2,1,1,1,2,1,1,1,1,3
309,4,4,1,1,0,3,1,2,0,2,2,2,1,2,2,0,1,1,1,2
310,3,4,1,1,0,3,6,4,4,3,2,1,0,0,1,1,1,4,4,3
313,2,3,1,1,0,3,1,2,1,2,2,3,0,1,2,0,1,1,1,2
314,1,2,1,2,2,3,1,4,2,3,2,2,1,1,2,0,0,1,2,2
315,4,4,1,1,1,0,5,2,3,3,2,3,0,1,3,0,1,3,2,3
316,2,3,1,2,1,3,5,2,0,3,1,0,1,1,2,0,1,1,1,3
317,1,4,1,1,0,3,5,4,0,0,2,0,1,1,2,1,1,2,3,4
319,1,4,2,1,1,2,5,2,3,0,2,0,1,1,2,0,1,2,3,2
320,4,2,2,1,0,1,1,2,4,2,2,3,1,1,0,0,1,3,3,2
321,4,3,1,1,1,3,7,2,2,1,2,0,1,1,3,0,1,2,2,3
322,2,1,1,1,1,3,2,2,1,3,2,1,1,0,0,1,1,2,2,3
323,4,2,1,1,1,3,5,3,0,3,2,3,1,1,3,0,1,2,2,2
326,2,4,1,1,3,1,5,4,3,3,2,0,1,2,3,1,1,1,4,4
328,4,2,1,1,2,3,7,2,3,3,2,3,1,1,3,0,1,3,3,3
329,4,4,1,2,0,3,7,2,3,3,2,3,1,1,3,0,1,1,2,2
331,4,2,2,1,3,1,4,0,0,0,2,2,1,1,3,0,1,2,2,2
333,2,4,2,1,3,1,2,0,0,0,2,3,0,2,2,0,1,4,5,2
336,2,4,1,1,0,3,7,2,2,0,1,0,1,1,2,0,1,2,2,2
337,4,2,1,1,1,3,0,4,0,0,2,3,1,2,3,0,1,2,2,2
338,4,4,1,1,1,3,5,2,0,3,2,0,1,1,3,0,1,2,3,2
339,4,2,1,1,0,3,5,2,0,1,2,3,1,1,2,0,1,1,2,3
340,2,4,2,1,0,1,4,2,2,0,2,1,1,0,3,1,1,2,4,2
341,1,4,1,1,1,3,5,2,1,0,2,3,1,2,2,0,1,2,3,2
344,1,1,1,2,2,3,1,2,2,3,1,0,1,1,2,0,1,1,3,3
345,4,2,1,1,3,1,7,2,0,0,2,3,1,1,2,0,1,2,2,4
346,4,4,2,1,0,1,7,2,2,3,1,2,1,1,3,0,1,2,1,2
347,1,4,1,1,0,3,7,1,4,0,2,1,1,2,1,0,1,2,3,2
348,1,2,2,1,3,2,3,0,0,3,2,2,1,1,2,0,1,1,2,3
349,4,3,2,2,0,1,4,3,3,3,2,1,1,0,3,0,1,1,2,3
351,1,2,1,1,0,3,5,2,0,0,2,3,1,1,3,0,0,1,1,2
352,2,4,1,1,3,1,2,4,4,3,2,1,1,1,0,1,1,2,3,3
353,4,2,2,1,1,4,7,2,0,3,2,0,1,2,3,1,1,1,4,2
354,4,4,1,1,3,3,4,1,3,3,2,1,1,0,3,1,1,1,1,4
355,4,2,1,1,0,3,1,2,2,3,2,2,2,1,2,0,1,2,2,2
356,1,4,1,1,3,1,7,4,3,3,0,2,1,1,3,1,1,1,2,4
357,4,2,2,1,3,2,7,2,0,3,2,3,1,1,0,1,1,3,3,2
358,4,2,1,1,3,3,7,2,0,2,2,2,1,1,3,0,1,1,1,2
360,4,4,1,1,0,3,4,4,0,3,2,1,1,0,3,0,1,2,2,5
363,1,2,1,1,3,3,5,2,0,2,2,0,1,2,3,0,1,1,2,2
364,4,1,1,1,1,3,5,2,4,3,2,3,1,1,1,0,1,2,2,2
366,3,1,2,1,3,1,2,2,1,3,2,3,1,1,3,0,1,2,3,2
368,4,2,1,2,1,3,5,2,3,3,2,3,1,1,3,0,1,3,3,4
369,2,4,1,1,0,3,5,2,1,0,2,2,1,2,3,0,1,2,3,3
370,4,4,1,1,3,3,1,4,0,3,2,2,1,1,3,0,1,3,3,3
372,1,3,2,1,3,1,5,2,2,0,2,2,1,2,3,0,1,1,2,2
374,3,4,2,1,0,0,6,0,3,0,2,1,0,0,0,1,1,5,5,5
375,2,4,1,1,1,0,3,2,1,0,1,3,1,2,3,0,1,4,4,3
376,2,3,2,1,3,2,7,2,4,2,2,2,1,1,3,0,1,2,2,3
377,3,4,1,1,3,2,7,4,3,3,2,1,1,0,3,0,1,1,1,3
378,4,2,1,1,0,3,1,2,3,3,2,1,1,0,0,1,1,3,5,5
379,4,4,2,1,3,1,1,0,0,0,2,3,1,1,2,0,1,1,1,5
380,4,4,1,1,1,3,5,4,1,3,2,3,1,1,3,1,1,2,2,3
381,3,4,1,1,0,3,2,2,4,0,2,1,1,0,0,1,1,2,5,3
382,4,4,1,1,3,3,1,4,1,0,2,0,1,2,3,0,1,2,2,2
384,2,2,2,1,3,2,3,0,0,3,2,0,1,1,2,0,1,3,3,2
385,2,1,2,1,3,1,7,2,0,0,2,3,1,1,3,0,1,2,2,2
386,4,2,1,1,3,3,7,4,2,0,2,2,1,2,3,1,1,2,2,2
387,4,4,2,1,0,1,5,2,4,3,2,0,2,1,0,1,1,2,4,3
388,2,4,1,1,0,1,3,1,0,3,2,3,0,1,3,0,1,2,2,2
389,3,2,2,1,3,3,3,2,1,0,2,3,1,1,3,0,1,1,2,2
390,2,2,1,1,3,3,1,2,0,2,2,0,1,1,0,1,1,2,2,2
392,2,4,1,2,1,3,1,2,1,3,2,1,0,0,0,1,1,3,3,3
394,2,3,1,1,3,1,5,2,4,3,2,3,1,1,0,0,1,1,2,3
395,2,3,1,1,0,2,4,0,1,3,2,1,1,2,3,1,1,4,5,3
398,1,1,2,1,0,3,1,2,3,1,2,2,1,2,3,0,1,1,2,4
399,4,1,2,1,3,1,7,3,0,0,2,2,1,1,2,0,1,2,2,4
400,3,4,1,1,3,3,7,2,2,2,2,2,1,1,3,1,1,2,2,3
401,4,4,2,1,0,1,3,4,0,2,2,2,0,1,3,0,1,2,2,2
402,2,2,2,1,3,2,3,2,2,3,2,3,0,1,3,1,1,2,4,2
403,4,2,2,1,3,2,1,2,0,3,2,3,1,1,2,0,1,2,1,2
404,4,4,1,2,0,2,1,4,3,3,2,3,1,1,3,0,1,2,2,4
405,1,1,1,1,0,3,7,2,2,2,2,0,1,1,3,1,1,2,2,2
406,4,4,2,2,3,1,2,4,1,3,2,3,1,1,3,1,1,2,2,4
407,4,2,1,1,1,3,7,2,2,2,2,2,1,1,3,0,0,2,2,2
409,4,2,3,1,2,1,1,1,1,2,2,2,1,1,3,1,1,1,1,2
410,4,4,1,1,0,3,7,2,3,0,2,3,1,1,3,1,1,2,2,1
411,3,2,2,1,3,1,2,2,1,3,2,3,1,1,0,1,1,3,4,3
412,4,2,2,1,3,1,3,2,4,3,2,3,2,1,0,1,1,1,2,4
413,3,2,1,2,3,3,1,1,0,3,2,1,1,2,2,0,0,1,2,3
415,2,2,2,2,3,1,2,2,3,3,2,0,1,1,3,1,1,3,4,3
416,4,1,1,2,1,3,1,2,2,3,2,2,1,1,2,0,1,1,2,3
417,1,2,2,1,1,2,4,4,0,0,2,3,1,2,3,1,1,2,4,2
418,1,2,1,1,3,3,1,1,1,0,2,3,0,1,0,0,1,2,2,3
419,4,2,1,1,0,3,1,4,0,0,2,0,1,1,3,0,1,2,2,3
421,4,2,1,1,0,3,2,4,0,3,2,3,1,1,3,0,1,1,2,2
422,2,3,2,2,0,1,1,2,1,3,2,2,1,1,2,0,1,1,1,4
423,4,3,2,1,3,2,5,0,1,3,2,2,1,1,0,0,1,2,2,3
424,1,2,1,1,0,3,5,4,3,0,2,0,0,1,3,1,1,1,2,2
427,4,3,2,1,3,1,7,3,0,3,2,2,1,1,3,0,1,2,2,4
428,1,4,1,1,3,3,5,2,3,3,2,3,1,1,3,0,1,1,2,1
429,2,4,3,2,1,1,8,2,4,0,2,1,1,0,1,0,1,2,2,5
430,1,4,1,1,3,3,3,2,1,3,2,2,1,1,2,0,1,1,3,5
431,2,3,2,1,0,3,6,2,0,3,0,3,0,1,0,1,1,2,5,2
432,4,4,3,1,1,1,5,2,4,3,2,1,1,0,0,1,1,1,2,3
434,3,2,1,1,1,3,5,2,0,3,2,2,1,1,3,0,1,1,2,2
437,4,4,2,1,3,1,1,3,3,0,2,2,1,1,3,1,1,2,2,3
439,4,1,1,1,2,0,3,2,2,0,2,2,1,1,1,0,1,1,1,2
442,2,3,2,1,0,2,6,2,0,3,2,3,0,1,3,1,1,2,2,2
443,4,4,1,2,3,3,4,2,3,3,2,3,0,1,2,0,1,1,1,4
447,2,2,1,1,0,3,7,2,0,3,1,2,1,1,3,0,1,1,2,3
448,3,4,1,1,2,3,5,4,3,0,2,2,1,1,0,1,1,1,2,5
449,3,3,2,1,0,2,8,3,0,2,2,0,2,1,3,0,1,2,2,5
450,4,2,1,1,3,1,2,4,0,3,2,3,1,1,0,1,1,3,5,2
451,3,1,1,1,3,3,7,2,0,0,2,2,1,1,3,0,1,1,1,2
452,2,4,2,1,3,4,5,2,3,3,2,0,1,1,3,0,1,1,2,3
453,4,4,1,1,3,3,2,2,3,3,2,3,1,1,0,1,1,2,2,3
455,4,1,1,1,3,3,2,2,2,0,2,1,1,1,0,1,1,2,2,2
456,2,2,2,2,1,1,1,2,0,3,2,2,1,2,3,0,1,1,3,3
457,3,4,1,1,1,3,2,2,3,3,2,1,1,0,3,1,1,1,3,3
458,4,1,1,1,1,3,0,2,2,0,2,2,1,1,3,0,1,1,1,2
460,1,2,1,2,1,3,5,2,0,3,1,0,1,1,3,0,1,3,3,3
461,2,3,1,1,1,3,1,2,2,3,2,2,1,1,3,0,1,2,2,3
464,4,1,2,1,3,3,3,2,1,3,2,3,2,1,3,1,1,2,2,3
465,3,4,1,2,1,3,2,2,0,3,1,1,0,1,3,1,1,2,2,5
466,4,2,1,1,1,2,7,2,2,0,2,3,1,2,2,1,1,2,2,2
467,3,3,2,2,3,2,7,4,3,3,2,3,0,1,3,0,1,4,4,3
468,2,2,2,1,3,2,3,2,0,0,2,3,1,1,3,1,1,3,2,2
471,4,4,1,1,1,3,4,2,2,0,2,0,1,1,3,0,1,1,1,2
472,4,3,1,1,1,3,1,2,0,3,2,3,1,1,2,0,1,1,1,2
473,4,4,1,2,3,3,9,4,4,3,2,0,1,1,0,1,1,1,2,3
474,4,2,1,1,0,1,7,2,0,2,2,3,1,1,3,0,1,2,2,3
475,1,4,1,1,1,4,5,2,2,0,2,0,1,2,3,0,1,2,3,2
476,4,4,1,1,3,3,2,1,0,3,2,3,1,1,3,0,1,4,2,2
478,3,4,1,1,0,3,3,0,1,3,2,2,1,1,2,0,1,1,2,3
480,1,1,1,1,0,1,7,2,0,0,2,2,1,1,2,0,1,1,3,2
481,4,1,1,1,0,3,1,2,2,3,2,0,1,1,3,0,1,2,2,2
482,4,4,2,1,1,3,5,3,3,0,2,0,1,2,3,1,1,3,3,5
483,3,2,2,1,3,2,5,3,1,0,2,0,1,1,3,0,1,2,1,2
485,4,4,1,1,0,2,1,2,4,3,2,0,1,1,0,1,1,1,2,4
486,2,4,1,1,3,3,7,2,0,3,2,3,1,1,3,1,1,1,3,5
487,4,4,1,1,3,3,1,2,3,0,0,1,1,0,3,1,1,2,3,5
488,3,2,1,1,3,3,1,0,0,3,2,2,1,2,2,0,0,1,2,3
491,2,4,2,1,0,4,3,2,3,0,2,1,1,0,0,1,1,3,4,4
493,4,4,1,1,0,3,7,4,3,3,2,0,1,1,3,0,1,1,1,3
497,4,3,2,1,3,1,5,2,1,3,2,0,1,1,3,0,1,2,2,3
498,4,2,1,1,0,3,7,2,3,2,1,2,1,1,2,0,1,2,2,3
499,2,4,2,2,2,1,1,0,3,1,2,3,1,1,3,1,1,1,2,2
500,4,1,1,1,1,3,1,2,2,0,2,0,1,1,3,0,1,2,3,2
501,2,4,1,2,1,3,2,2,3,3,2,1,1,0,3,0,1,3,4,4
502,2,4,1,1,2,3,7,0,3,1,2,2,1,1,3,0,1,1,2,4
503,4,4,2,2,0,1,7,0,2,3,2,1,0,1,3,0,1,2,2,3
505,4,4,1,1,3,3,1,4,0,3,1,0,1,1,2,0,1,1,2,2
506,2,2,1,1,2,1,2,1,0,3,2,3,1,1,3,1,1,2,2,3
508,4,2,1,1,3,3,7,2,0,2,2,0,1,1,3,0,1,2,2,2
509,4,2,1,1,3,3,2,0,3,3,2,3,1,1,0,1,1,4,4,4
510,4,2,1,1,1,3,1,2,1,3,2,2,1,1,3,0,1,1,1,2
511,2,2,1,1,3,3,2,2,0,3,2,1,1,0,0,1,1,3,3,3
512,2,4,1,1,2,3,3,2,1,3,2,0,1,2,3,1,1,2,2,2
513,4,4,2,1,0,2,7,2,0,2,0,2,1,2,3,0,1,1,1,1
515,4,3,2,1,1,1,1,2,1,0,2,0,1,1,3,0,0,1,1,3
516,2,4,1,2,1,1,1,2,2,3,2,2,1,1,2,0,0,1,2,3
517,2,4,2,1,3,1,5,2,2,0,2,0,1,2,3,1,1,3,4,2
518,3,2,1,1,1,3,1,0,3,3,2,0,1,1,3,1,1,1,2,4
520,3,4,2,1,3,1,8,2,3,3,2,1,1,0,3,0,1,2,4,4
521,2,2,1,1,1,3,7,2,0,0,2,2,1,1,3,0,1,2,3,2
522,3,4,2,2,1,4,5,2,0,3,2,1,1,0,3,0,1,4,4,5
523,3,4,1,1,3,3,2,0,1,0,2,3,1,1,3,0,1,2,3,2
524,4,4,1,2,0,3,7,2,0,0,1,2,1,1,2,0,1,2,2,2
525,2,3,2,1,0,3,2,2,2,3,2,3,1,1,3,0,1,3,4,2
526,4,3,1,1,3,1,4,0,0,0,2,3,1,1,3,0,1,2,2,3
528,4,4,1,1,1,3,7,2,0,1,2,3,1,2,3,0,1,3,2,3
529,3,4,1,2,1,3,1,2,2,3,2,2,1,1,2,1,1,1,1,4
530,3,1,2,2,0,3,4,2,1,3,2,3,1,1,3,0,1,3,2,3
531,2,4,2,1,0,3,1,0,0,0,2,3,1,2,3,1,1,2,2,2
532,4,4,1,1,3,2,2,2,0,2,2,2,1,2,3,0,1,1,2,4
533,4,3,1,1,3,3,7,0,1,2,2,0,1,1,3,1,1,2,2,2
534,4,2,2,1,3,3,7,4,2,3,2,3,1,1,3,0,1,2,3,2
535,2,1,1,1,2,1,4,2,2,1,2,3,1,2,3,0,1,2,2,3
536,4,3,1,1,1,3,1,4,4,0,2,0,1,1,0,1,1,1,2,5
537,3,4,1,1,0,1,5,2,3,0,2,0,1,1,3,1,1,2,3,3
541,4,4,2,1,3,2,1,2,3,3,2,1,1,0,3,1,1,2,2,5
542,4,4,1,1,1,3,5,4,3,3,2,0,1,1,3,0,1,3,4,3
543,2,1,1,2,2,3,5,2,0,3,2,2,1,1,2,0,1,2,2,3
544,4,4,2,1,3,1,1,2,3,3,2,2,1,1,2,0,1,1,2,5
545,4,2,2,2,1,2,1,2,4,3,2,2,1,0,3,0,1,2,2,4
546,4,4,1,1,3,1,1,2,0,0,2,3,1,1,3,1,1,2,2,3
547,3,1,1,2,3,3,7,2,1,3,2,3,0,1,3,0,1,2,2,3
549,2,1,2,1,3,1,2,4,1,3,2,1,1,0,3,1,1,4,4,3
550,4,4,2,1,3,1,8,4,1,0,2,2,1,1,3,0,1,1,1,2
551,2,4,1,2,3,0,7,1,3,3,2,0,0,1,2,0,1,1,2,4
552,1,1,2,1,1,3,7,2,1,2,1,2,1,1,3,1,1,4,4,3
555,2,1,1,1,0,3,7,2,2,3,2,3,2,1,3,0,1,1,2,2
558,3,4,1,1,1,0,5,2,1,3,2,3,0,1,3,0,1,2,3,2
559,2,2,2,1,0,1,5,2,2,3,2,2,1,1,2,0,1,2,2,3
561,4,4,1,1,1,0,7,2,1,3,1,3,0,2,2,0,1,2,2,2
562,2,1,1,1,2,2,7,2,2,0,2,0,0,1,3,0,1,1,1,2
563,1,4,1,1,0,3,1,4,0,3,2,1,1,0,3,1,1,3,5,3
564,4,2,2,1,0,2,3,4,0,3,2,0,0,1,0,1,1,2,3,3
565,3,2,2,1,0,2,7,0,1,0,2,0,1,2,3,1,1,2,2,2
566,2,3,1,1,1,3,1,2,1,1,2,3,1,1,3,0,1,1,2,3
568,4,1,2,2,0,3,7,4,1,3,2,3,1,1,3,1,1,4,3,4
570,4,4,1,1,1,3,5,2,2,0,2,2,1,2,2,1,1,2,3,2
571,3,2,1,1,3,1,7,2,1,3,0,3,1,1,3,0,1,3,4,3
572,2,4,1,1,3,3,2,4,4,0,2,0,1,2,0,1,1,2,4,2
573,4,4,1,1,1,3,3,2,0,0,2,0,1,1,2,0,1,2,1,2
574,4,4,2,1,0,3,7,2,3,3,2,3,1,1,2,0,1,1,2,2
575,2,3,2,1,3,1,5,2,1,0,0,3,0,1,3,0,1,2,2,2
576,2,1,1,1,0,3,7,2,1,0,2,2,1,1,3,0,1,1,2,2
577,3,2,2,1,3,1,4,4,0,0,2,3,1,1,3,1,1,2,2,3
578,4,4,2,1,0,1,1,2,2,1,2,3,1,1,3,0,1,3,2,2
582,4,2,1,1,3,3,5,2,0,0,2,2,1,2,3,0,1,1,2,2
583,4,1,1,1,0,3,8,2,2,3,2,1,1,2,2,0,1,3,2,3
585,1,4,1,1,1,3,5,2,0,0,2,2,0,2,3,0,1,2,2,1
587,4,1,1,1,1,3,5,2,0,3,1,0,1,1,2,0,1,1,2,2
588,4,3,1,1,1,3,0,2,0,2,2,2,1,1,2,1,1,2,2,4
589,3,3,2,1,1,1,5,2,3,3,2,0,1,1,3,0,1,1,2,5
590,4,3,4,1,1,1,7,2,1,0,2,2,1,1,2,1,1,1,1,5
591,4,4,2,1,0,2,1,4,0,0,2,3,1,2,3,1,1,2,2,4
593,3,4,1,1,0,3,1,2,0,0,2,0,1,2,2,1,1,2,2,1
594,4,3,1,1,1,0,6,4,3,3,2,3,2,1,0,1,1,2,2,3
597,1,4,3,1,0,4,3,2,0,3,2,2,1,1,2,1,1,2,3,3
600,1,1,1,1,0,3,7,2,2,0,1,2,1,1,3,0,1,1,2,4
601,4,1,1,1,0,3,5,2,0,0,2,0,1,1,3,0,1,1,1,2
602,4,4,1,1,0,0,4,2,1,0,2,1,0,0,2,0,1,2,2,3
603,4,2,1,1,3,3,5,2,0,0,2,3,1,1,0,1,1,3,3,2
604,4,2,1,1,2,3,5,2,2,0,2,0,1,1,3,0,1,1,2,2
606,3,2,1,1,3,1,3,2,0,3,2,2,1,1,0,1,1,2,3,5
607,4,4,1,1,0,3,7,0,0,0,0,1,1,0,3,0,1,3,2,4
608,4,1,1,1,3,3,7,2,2,3,2,2,1,1,3,0,1,2,2,3
609,4,4,1,2,3,3,2,4,3,3,2,1,0,0,3,0,1,2,2,4
613,1,4,1,1,1,0,2,2,0,0,1,3,0,2,3,0,0,2,3,2
614,4,1,1,1,3,2,5,2,1,0,2,2,1,1,3,0,1,2,2,2
615,2,2,1,1,0,4,3,4,0,3,2,3,0,1,0,1,1,4,5,4
617,1,3,3,2,1,1,1,2,0,3,2,2,1,2,3,0,1,1,3,3
618,2,4,1,1,0,3,5,0,0,0,0,3,1,2,3,0,1,3,3,2
619,4,2,1,1,3,3,1,2,0,1,2,2,1,1,2,0,1,1,1,4
620,2,3,2,1,0,1,3,2,1,3,2,0,1,1,3,0,1,2,3,2
621,3,2,2,1,3,1,1,2,0,3,2,0,0,1,3,0,1,2,2,3
622,4,2,1,1,3,3,3,4,0,1,2,2,0,1,3,0,1,4,3,3
623,4,1,1,1,1,3,5,2,2,0,2,3,1,2,3,0,1,1,2,2
624,4,4,2,1,1,3,7,2,0,3,2,1,1,0,3,0,1,2,2,5
625,4,2,1,1,3,3,7,4,3,3,2,3,1,1,3,0,1,2,2,3
627,2,3,1,1,0,0,1,0,1,3,2,1,1,1,3,0,1,1,2,2
629,1,4,1,1,3,3,4,4,3,3,2,2,1,1,2,0,1,1,3,5
630,2,4,1,1,1,3,7,2,0,0,2,3,1,1,3,0,1,2,3,2
631,4,3,1,1,1,0,5,2,0,3,2,3,0,1,3,0,1,2,2,4
632,4,1,1,1,0,3,7,4,2,3,2,0,1,1,3,0,1,2,2,2
633,2,2,2,1,3,3,5,2,2,0,0,3,1,2,3,0,1,1,2,1
634,3,4,1,1,0,3,1,2,2,0,2,3,1,1,2,1,1,2,2,2
636,4,1,1,1,3,3,7,1,1,0,2,3,1,1,3,0,1,2,2,2
638,4,3,1,2,3,3,7,2,2,0,2,3,1,1,3,0,1,1,2,3
641,4,4,2,1,0,3,8,2,3,3,2,3,1,1,2,0,1,2,2,3
642,3,2,1,1,3,3,4,0,0,3,2,0,1,1,0,1,1,2,3,3
643,4,2,2,1,3,1,7,2,1,2,1,3,1,1,3,1,1,2,2,3
644,4,1,2,1,1,1,7,2,1,2,2,0,1,1,0,1,1,2,2,3
645,4,4,2,1,3,2,3,4,2,3,2,3,1,2,3,1,1,3,4,2
646,2,2,2,1,1,4,5,2,0,1,1,2,1,1,3,0,1,3,3,3
647,2,2,1,1,3,3,1,1,0,0,2,0,1,1,3,0,1,1,2,2
648,4,3,1,2,2,3,1,2,1,3,2,1,0,0,3,0,1,2,1,3
649,4,4,1,2,1,3,4,2,0,3,2,3,1,2,2,0,1,1,1,3
650,4,1,1,1,1,3,4,2,1,3,2,1,1,0,0,1,1,4,4,4
652,4,1,1,1,1,3,1,2,3,3,0,2,1,1,3,0,1,2,2,4
653,2,4,4,1,0,2,1,0,3,3,2,3,1,1,0,1,1,3,4,4
654,4,3,2,1,3,1,2,2,1,3,2,3,1,1,3,1,1,2,2,3
655,1,4,1,1,1,3,1,2,4,3,2,1,1,0,3,0,1,2,3,2
656,4,4,1,2,0,3,1,2,3,3,2,3,0,1,2,0,1,1,1,4
657,4,3,1,1,3,3,7,4,1,3,2,3,2,1,3,1,1,4,5,3
659,2,1,1,1,0,1,5,2,3,3,2,1,1,1,3,1,1,2,4,4
660,3,4,1,1,2,3,7,2,0,2,2,2,1,2,3,0,1,1,2,2
663,4,1,2,1,0,2,5,2,4,3,2,0,2,1,0,1,1,1,2,3
664,2,4,1,1,2,1,4,2,0,0,2,0,1,1,2,0,1,1,2,4
665,4,2,2,1,3,1,6,2,4,3,0,1,0,1,0,1,1,2,4,2
667,1,1,1,1,3,0,3,2,0,0,2,2,2,1,3,0,1,4,3,2
669,4,4,1,1,2,1,7,2,3,3,2,0,1,1,3,0,1,3,3,4
670,3,3,2,1,3,1,3,0,0,3,2,0,1,1,2,1,1,2,3,2
673,1,2,1,1,3,1,1,1,0,2,2,3,1,1,3,0,1,1,2,2
674,4,2,1,2,3,2,3,1,2,3,2,2,0,1,2,0,1,2,2,4
675,4,4,1,1,3,1,7,2,1,0,2,3,1,2,0,1,1,3,3,2
676,4,4,1,1,3,1,5,2,3,3,2,3,1,1,3,1,1,2,4,3
677,2,2,1,1,0,3,7,0,0,2,2,3,1,1,3,0,1,5,4,2
678,4,4,1,1,1,3,7,2,3,3,2,2,0,2,2,0,1,2,2,5
679,3,1,1,1,3,3,7,2,2,0,2,2,1,1,3,0,1,2,2,2
680,1,2,1,1,3,3,4,2,2,0,2,1,1,1,3,0,1,1,2,5
681,4,4,1,1,3,3,7,4,0,3,2,1,1,0,3,1,1,1,2,3
682,4,3,2,1,3,2,7,2,0,2,2,2,0,1,3,0,1,2,2,3
683,3,3,3,1,3,1,7,2,2,2,2,1,1,0,3,1,1,2,4,4
684,1,3,2,2,0,2,3,0,1,3,2,0,1,1,2,1,1,3,4,3
685,4,4,1,2,3,3,1,4,0,3,2,1,1,0,3,1,1,5,4,3
686,4,2,2,1,2,1,7,4,1,3,2,0,1,1,3,1,1,1,2,2
687,4,3,1,1,0,2,1,0,3,3,2,1,1,0,3,0,1,3,2,2
689,1,3,1,2,1,3,1,3,0,3,2,0,1,1,3,0,1,1,3,3
691,3,2,1,1,0,3,8,0,0,0,2,2,1,1,2,0,1,2,2,2
692,2,1,1,1,0,3,7,0,2,3,2,3,1,1,3,0,1,2,2,2
693,1,3,2,2,1,1,1,4,2,3,2,2,1,1,2,0,1,1,3,4
694,4,2,1,1,3,3,7,2,1,3,2,3,1,1,3,1,1,2,2,2
697,1,2,1,1,3,1,1,2,4,0,2,0,1,1,1,0,1,1,1,3
698,4,2,2,1,3,1,7,2,0,3,2,3,1,1,3,0,1,2,2,2
699,4,4,1,1,2,3,4,2,3,3,2,3,1,2,0,1,1,2,2,3
700,4,4,1,1,3,3,5,1,0,0,2,3,1,2,2,0,1,1,2,2
701,4,4,2,1,1,1,2,2,3,3,2,1,1,0,3,1,1,4,4,4
702,4,2,1,1,2,3,7,0,3,0,2,1,1,0,3,1,1,2,2,4
703,4,2,2,1,0,2,3,0,3,3,2,0,2,1,3,0,1,3,2,4
704,4,1,1,2,0,3,3,2,2,0,2,0,1,1,3,1,1,3,2,3
705,1,4,1,1,3,3,1,1,3,0,2,1,1,0,3,0,1,2,4,3
706,3,2,1,1,0,3,1,0,1,3,2,0,1,1,3,0,1,4,4,2
707,4,3,2,1,0,4,5,2,2,0,2,0,1,2,3,0,1,1,2,2
708,4,4,1,1,0,3,7,2,3,0,2,2,1,1,3,0,1,1,2,2
710,4,3,2,1,3,1,7,1,3,3,2,0,0,1,0,1,1,2,1,3
711,4,4,1,1,1,0,4,2,3,0,2,1,1,0,3,0,1,1,2,3
712,4,4,1,1,3,3,2,4,3,3,2,2,1,1,0,1,1,2,2,4
714,4,2,1,1,0,3,1,2,1,3,2,1,1,1,0,1,1,5,5,2
715,1,4,2,1,3,1,2,4,3,3,2,3,1,1,3,0,1,3,4,5
716,3,2,2,2,3,1,7,4,3,3,2,3,1,1,3,1,1,3,3,3
717,4,2,1,1,3,3,7,2,0,3,2,1,1,0,0,1,1,2,2,3
720,4,2,2,1,2,4,7,2,2,3,2,3,1,1,0,1,1,1,2,3
722,4,2,1,1,1,3,1,2,0,0,2,2,1,1,2,0,1,1,2,2
723,4,3,1,1,0,3,7,1,0,0,2,2,1,1,2,0,1,1,1,5
724,3,3,1,1,3,3,1,2,0,0,2,2,1,2,3,0,1,3,2,2
725,2,2,2,1,3,1,1,3,0,0,2,2,0,1,2,0,1,1,1,4
726,2,2,2,1,3,1,7,1,0,2,2,0,1,1,2,0,1,2,2,4
729,2,4,2,1,2,1,3,3,0,1,2,2,1,1,3,1,1,2,2,3
731,2,4,1,2,1,3,7,2,0,3,2,2,1,2,2,0,1,2,2,2
732,4,2,1,1,0,3,7,2,1,0,1,2,1,1,2,0,1,1,1,4
733,2,4,1,1,3,3,2,3,0,0,2,3,1,2,3,1,1,2,2,2
734,1,1,1,2,3,1,1,2,1,0,2,2,1,1,3,0,1,1,3,3
737,3,4,1,2,1,3,1,0,0,3,2,3,1,1,2,1,1,2,3,3
738,1,3,2,2,3,1,1,2,1,3,2,1,1,1,0,1,1,1,4,4
741,4,4,1,1,0,0,7,2,0,3,2,2,2,1,2,0,1,1,2,2
744,4,4,2,1,1,1,5,4,1,3,2,0,1,1,0,1,1,4,5,2
745,3,1,2,1,1,1,3,2,2,3,2,0,0,1,2,0,1,2,2,2
747,3,1,1,1,1,3,1,2,2,0,2,2,1,1,2,0,1,1,2,3
749,2,2,1,1,3,3,2,2,1,3,2,3,1,1,3,0,1,2,3,3
750,2,1,1,1,1,3,5,2,3,0,2,0,0,1,3,1,1,1,1,4
752,2,4,1,1,0,3,3,0,1,0,2,2,1,2,2,0,1,1,1,2
754,4,4,2,2,3,2,8,3,3,3,2,1,1,0,3,0,1,1,2,5
755,4,4,1,1,1,3,1,4,1,0,2,1,1,2,3,0,1,2,2,3
756,1,1,3,2,2,1,1,2,0,3,2,2,1,1,1,0,0,1,2,5
758,2,2,1,1,3,3,1,2,0,3,1,2,1,1,3,1,1,2,2,3
759,4,3,2,1,1,1,1,2,3,3,2,0,1,1,3,0,1,1,1,3
760,1,4,1,1,3,1,1,4,3,0,2,3,1,1,3,1,1,2,4,5
761,4,4,2,1,1,1,5,2,0,0,2,2,1,2,3,0,1,2,2,2
763,4,4,1,1,3,1,1,4,3,3,2,1,1,0,0,1,1,2,5,2
764,4,3,2,1,3,1,1,0,1,2,2,0,1,1,3,1,1,2,2,2
765,3,3,2,1,0,3,7,2,3,2,1,2,0,1,2,0,1,1,2,3
766,2,4,1,1,1,3,5,2,2,1,2,0,1,1,2,0,1,3,3,3
768,1,4,3,1,0,1,5,2,3,3,2,3,1,2,3,1,1,1,3,2
769,2,4,2,1,3,1,7,2,3,3,2,2,1,1,2,1,1,1,2,5
770,2,4,1,1,1,3,2,4,3,0,2,2,1,2,3,0,1,2,2,2
772,1,4,1,1,3,1,2,2,3,3,2,3,1,1,0,1,1,2,3,3
774,2,4,3,1,2,1,1,1,4,3,2,1,0,0,1,0,1,1,2,5
776,4,4,2,1,3,1,1,2,1,3,2,3,1,1,3,1,1,3,3,3
781,4,4,1,1,3,1,1,3,3,3,2,2,1,1,3,1,1,2,2,5
782,2,2,1,1,0,4,9,2,0,3,2,2,1,1,2,1,1,1,2,3
783,4,2,1,1,0,3,1,0,2,0,2,0,0,1,2,0,1,1,1,2
784,1,4,1,1,0,3,2,4,4,1,2,2,1,1,0,1,1,2,4,5
785,4,2,1,1,0,3,3,3,0,3,2,0,1,1,2,1,1,2,2,3
786,3,4,1,1,3,3,7,1,3,3,2,3,1,1,3,0,1,2,2,3
787,4,3,2,2,3,1,2,4,3,3,2,3,1,1,3,1,1,4,2,3
788,4,4,1,1,0,2,4,2,3,3,2,1,1,0,3,0,1,4,4,4
789,4,3,1,1,1,1,4,2,0,3,2,1,0,1,3,1,1,4,4,2
790,2,4,1,2,0,3,3,2,3,0,2,0,1,1,3,0,1,2,2,3
791,3,4,1,2,3,3,2,4,3,3,2,3,1,1,0,1,1,2,4,4
792,1,2,2,1,3,1,5,4,0,2,2,0,1,1,3,0,1,1,2,2
794,4,3,1,1,3,3,5,1,3,3,2,1,1,2,3,1,1,2,3,3
795,2,4,1,1,3,3,5,0,2,0,2,0,1,2,3,0,1,1,2,2
796,1,4,1,2,1,3,2,4,3,3,2,0,1,0,3,1,1,2,4,5
798,4,4,2,1,3,2,1,4,3,2,2,3,1,1,3,1,1,2,1,5
799,4,2,1,1,0,3,1,4,2,3,2,2,1,1,1,0,1,1,2,3
800,4,4,2,2,3,1,4,2,3,3,2,1,1,0,3,0,1,2,2,5
801,3,4,2,1,0,1,7,2,3,0,1,2,0,2,2,1,1,2,2,4
802,1,4,2,1,1,1,5,2,3,0,2,0,1,1,3,0,1,2,3,2
803,4,4,2,1,3,1,7,4,3,3,2,3,1,1,3,0,1,1,1,3
804,1,2,1,1,0,3,1,4,4,0,2,2,1,2,1,0,1,1,4,2
807,4,4,4,1,3,1,7,4,3,3,2,2,1,1,3,0,1,1,1,5
808,1,2,1,1,0,0,2,2,4,3,2,1,0,0,0,1,1,4,4,5
809,2,1,2,1,0,4,1,2,2,0,2,2,1,2,1,0,1,2,2,2
810,3,2,1,1,0,3,3,2,2,2,2,2,1,1,3,1,1,1,1,2
811,3,3,1,1,0,3,7,2,1,2,1,2,0,1,2,0,1,1,1,2
812,4,4,2,1,1,1,2,2,1,3,2,3,1,1,3,1,1,3,4,2
813,3,4,1,1,1,3,0,2,0,3,2,3,1,1,3,0,1,4,3,5
814,4,4,1,2,1,3,1,2,1,3,2,1,1,0,3,0,1,4,3,4
815,2,2,1,1,0,2,1,2,0,0,2,0,1,2,3,0,1,3,4,5
818,2,3,1,1,1,3,6,2,4,1,0,3,1,1,0,0,1,3,5,4
819,4,3,1,1,1,3,7,2,0,2,2,2,0,1,3,0,1,2,2,2
820,3,2,2,1,3,3,1,2,0,2,2,2,1,1,3,1,1,1,2,2
821,3,1,1,1,2,3,7,2,0,2,2,3,1,1,3,0,1,1,3,2
823,4,4,2,1,1,1,1,2,3,3,2,2,1,1,2,0,1,1,1,4
824,3,2,2,1,3,1,5,2,2,1,2,3,1,1,0,1,1,2,3,3
826,1,4,3,1,1,1,1,2,3,0,2,2,0,2,3,1,1,2,3,3
827,2,2,2,2,3,4,3,2,0,3,2,3,2,1,3,0,1,2,3,3
828,3,4,1,1,1,3,2,4,3,3,2,1,1,0,3,0,1,3,4,4
829,4,4,1,2,0,2,3,4,0,3,2,1,1,0,3,1,1,4,4,3
832,2,4,2,1,1,4,3,2,3,3,2,3,1,2,3,0,1,4,5,2
833,2,4,1,1,0,3,7,4,3,0,2,3,1,1,3,1,1,2,4,4
834,2,3,1,1,2,3,7,2,2,0,2,2,1,1,2,0,1,2,2,2
835,4,4,2,1,1,4,1,2,0,3,2,3,0,1,3,0,1,1,2,4
838,4,4,2,1,1,1,2,2,3,3,2,0,1,1,3,1,1,2,2,5
839,4,3,2,1,3,1,7,2,3,2,0,2,1,1,3,0,1,2,2,4
840,4,2,1,1,1,3,5,2,1,3,2,0,1,1,3,0,1,3,4,2
841,3,2,2,1,3,2,2,2,0,3,2,2,2,1,2,0,1,2,2,2
842,4,4,1,1,3,3,8,2,2,0,2,2,1,1,3,0,1,2,2,2
843,4,4,1,1,3,0,3,2,1,3,2,3,0,1,3,1,1,2,2,4
844,4,4,3,2,3,3,5,2,3,3,2,0,0,1,3,1,1,2,3,4
845,2,3,1,1,0,3,5,4,1,3,2,3,1,1,3,1,1,2,3,3
847,4,2,1,1,3,3,1,2,2,2,2,2,1,1,3,0,1,2,2,2
848,3,4,1,1,1,3,7,2,1,3,2,2,1,1,3,0,1,1,2,5
850,4,2,2,1,1,1,1,2,0,2,1,0,0,2,3,0,0,2,2,3
851,3,4,2,1,3,1,2,4,1,3,2,0,1,1,3,1,1,2,3,4
854,2,2,2,2,3,2,1,2,3,3,2,3,1,1,3,1,1,3,5,4
855,4,3,1,1,3,3,1,0,2,2,2,2,1,1,3,1,1,2,2,3
856,4,3,1,1,3,3,9,4,1,0,2,0,1,1,3,1,1,1,1,3
859,1,2,1,2,3,3,1,0,0,3,1,2,1,2,3,0,0,1,3,2
860,4,2,2,1,3,1,2,3,0,3,2,2,1,1,3,0,1,2,4,2
862,4,4,1,1,1,3,7,2,2,0,2,2,1,1,3,1,1,2,2,3
863,4,2,2,2,3,1,5,3,2,3,2,2,2,1,2,1,1,3,3,3
864,2,2,1,1,3,3,5,2,0,3,2,2,0,2,2,0,1,1,2,2
865,2,4,1,1,3,3,5,1,0,0,2,3,1,2,3,0,1,2,2,1
866,4,1,1,1,1,3,7,2,2,0,2,3,2,1,3,0,1,2,2,2
867,2,4,1,1,3,1,5,2,3,3,2,0,2,1,3,0,1,1,3,4
868,3,2,2,1,3,3,3,4,3,3,2,0,1,1,3,0,1,3,4,3
871,1,4,2,2,2,1,1,2,3,3,2,2,1,1,3,0,0,1,2,4
872,4,1,2,1,1,1,3,0,1,3,2,2,1,1,3,1,1,2,2,2
873,4,1,1,1,3,3,0,4,2,0,2,2,1,1,3,0,1,2,1,2
875,4,4,2,1,0,1,1,3,0,0,2,3,1,1,3,0,1,1,2,3
877,4,2,1,1,3,3,7,2,3,3,2,3,1,1,3,0,1,3,3,2
880,3,3,1,1,3,3,2,2,1,3,2,3,1,1,0,1,1,2,4,3
883,4,4,2,1,3,1,7,2,4,0,2,3,1,1,1,0,1,2,2,5
884,3,3,1,1,0,3,5,2,1,1,2,3,1,1,3,1,1,2,3,4
885,4,4,1,1,1,3,4,2,2,0,2,0,1,1,3,0,1,1,1,5
886,4,3,2,2,0,1,3,4,1,3,2,1,1,1,3,1,1,2,2,3
887,2,2,1,1,0,3,3,2,0,3,2,3,1,1,3,1,1,4,5,2
888,4,4,2,1,3,1,1,2,3,3,2,3,1,1,0,1,1,3,4,3
889,3,4,2,2,3,0,2,4,2,3,1,2,0,2,3,1,1,3,4,3
890,4,4,4,2,1,1,3,2,3,3,2,3,2,1,0,1,1,3,2,4
891,4,4,2,1,3,1,7,2,3,3,2,3,1,1,3,1,1,2,2,4
892,4,4,2,1,1,1,1,2,0,3,2,0,0,1,2,0,0,1,2,3
894,4,3,2,1,3,1,7,4,0,3,2,0,1,1,3,1,1,2,2,2
895,3,2,1,2,3,2,2,4,1,3,2,3,2,1,0,1,1,3,4,3
897,3,2,1,1,3,1,5,3,1,0,2,0,1,1,3,0,0,1,2,3
898,1,4,1,1,3,3,5,4,1,0,2,2,0,2,2,0,1,2,2,3
899,2,3,1,1,1,3,5,2,0,3,0,3,1,1,3,0,1,2,3,4
900,2,4,1,1,1,1,1,2,3,3,1,0,0,2,3,1,1,2,2,4
901,2,4,2,1,3,1,1,4,2,1,2,2,1,1,3,1,1,2,3,4
904,4,1,1,1,3,3,7,2,3,3,2,2,1,1,0,1,1,2,2,3
905,2,2,1,2,1,3,7,2,0,3,2,2,1,2,0,1,1,1,2,1
906,2,2,1,1,1,3,1,4,1,3,0,2,1,1,2,0,0,2,3,2
907,2,2,1,1,0,3,4,4,0,2,2,3,1,1,3,0,1,3,3,2
908,1,2,2,1,3,2,2,2,2,0,2,0,1,1,2,0,1,2,3,4
909,1,2,1,1,0,3,1,4,0,0,2,2,1,1,2,0,1,1,3,3
911,2,4,1,1,0,1,5,2,2,0,2,3,0,1,2,0,1,2,3,2
912,2,4,1,1,0,3,7,4,3,0,2,3,1,1,3,0,1,3,2,2
913,1,2,1,1,3,3,3,3,3,1,2,2,1,1,3,1,1,1,2,2
914,4,2,1,1,1,0,3,2,0,3,2,0,1,2,3,1,1,2,3,3
915,1,2,1,1,0,4,6,2,0,0,2,0,0,1,0,1,0,4,5,3
917,1,4,1,1,1,3,1,2,3,3,2,1,0,1,0,1,1,1,5,5
918,1,1,1,1,1,3,5,0,4,1,2,0,1,1,3,0,1,2,2,3
919,4,2,1,1,1,3,5,2,3,3,2,0,1,2,0,1,1,2,3,3
921,4,1,1,1,3,2,7,1,1,3,2,3,1,1,0,1,1,4,5,3
922,3,4,1,1,1,3,7,2,2,0,2,0,1,2,3,0,1,1,2,2
923,3,4,1,2,0,3,1,2,1,3,2,0,1,2,3,1,1,1,2,2
924,2,1,1,1,1,0,5,2,2,1,2,0,0,1,3,1,1,2,4,5
925,4,2,2,1,1,0,1,2,2,3,2,3,0,1,3,1,1,1,1,4
926,4,4,1,1,1,1,5,2,2,0,2,0,1,2,3,0,1,2,2,2
927,4,4,3,2,1,3,2,2,1,3,2,1,2,0,3,1,1,4,5,3
928,4,4,1,1,3,3,7,4,3,3,2,3,1,1,3,1,1,3,2,5
930,4,1,1,1,1,3,5,2,2,3,0,0,1,1,2,0,0,2,2,2
932,3,1,2,1,3,1,1,2,0,3,2,2,1,1,3,0,1,1,2,2
934,4,1,1,1,1,3,7,2,0,0,2,3,0,1,3,0,1,1,2,2
935,4,3,2,1,0,2,7,0,2,3,2,1,2,1,0,0,1,3,2,2
936,3,2,1,1,2,3,7,2,0,0,2,2,1,1,2,0,1,1,1,2
937,4,3,1,1,0,3,7,2,2,2,2,3,1,2,0,1,1,1,2,2
938,4,4,1,1,0,3,4,2,0,3,2,1,1,0,3,0,1,5,4,4
939,2,4,2,2,3,1,2,4,0,3,2,0,1,1,0,1,1,2,4,4
940,2,3,1,2,3,3,1,4,2,3,2,0,1,1,0,1,1,1,3,4
942,4,2,1,1,3,3,5,4,1,3,2,3,2,1,3,1,1,2,1,3
944,4,1,1,1,1,3,5,2,2,0,1,0,1,2,3,0,1,2,2,4
945,1,1,2,1,0,4,1,1,2,0,2,3,1,1,3,0,1,4,4,2
946,4,4,1,2,1,0,5,1,2,3,2,1,1,0,3,1,1,2,3,2
947,4,4,1,1,3,3,1,4,4,3,2,1,1,1,0,1,1,1,2,3
948,4,1,1,2,3,3,5,2,2,2,0,0,1,1,2,0,1,2,2,4
951,2,1,2,1,1,2,3,2,1,3,2,3,1,1,3,1,1,3,2,2
952,3,4,1,1,0,3,2,1,2,0,2,3,1,2,3,0,1,2,3,2
953,4,2,2,1,3,3,5,2,4,0,2,3,1,1,0,1,1,3,5,2
954,4,4,1,1,1,3,1,2,0,0,1,0,1,1,3,1,1,1,2,2
955,4,4,2,1,1,1,7,3,3,0,2,0,1,2,0,1,1,2,2,5
956,4,4,2,1,2,1,7,4,3,3,2,0,2,1,2,0,1,3,3,4
959,4,4,1,1,0,3,5,0,3,3,2,1,1,0,3,0,1,2,3,2
960,2,2,2,1,3,1,7,2,3,2,2,2,1,2,3,0,1,1,2,2
961,1,4,2,1,0,2,1,2,0,1,2,0,1,1,3,0,1,2,2,4
962,3,2,1,1,3,3,1,4,0,3,2,1,1,1,3,0,1,2,3,2
963,3,2,2,1,3,3,7,1,3,3,2,3,0,1,3,1,1,2,2,3
965,4,1,1,1,0,3,7,4,0,0,2,3,1,1,3,0,1,3,2,2
966,4,2,2,1,0,1,7,1,0,3,2,0,1,1,2,0,1,3,2,2
967,4,2,1,1,3,3,7,2,3,0,2,3,0,2,0,1,1,2,3,5
968,2,4,1,1,3,3,7,4,1,2,2,0,1,2,3,1,1,4,4,2
969,1,2,2,2,1,1,1,2,0,3,2,2,1,1,2,0,1,1,3,3
971,1,4,1,2,3,3,1,2,0,3,2,0,1,1,2,0,1,2,4,4
975,3,3,1,1,2,3,7,1,0,0,2,3,1,1,2,0,1,2,2,5
976,2,3,1,1,0,3,7,2,0,0,1,2,1,1,3,0,1,1,1,5
978,4,4,2,2,3,2,1,2,3,3,2,3,1,1,2,0,1,2,2,4
980,2,2,1,1,0,1,5,2,1,3,2,0,1,1,3,0,1,3,4,4
981,3,2,1,1,3,3,3,2,4,3,2,3,0,2,0,1,1,4,3,3
982,1,1,1,1,2,3,1,0,0,0,2,3,0,1,0,1,1,2,2,2
983,2,2,1,2,1,3,2,2,0,3,2,0,1,1,3,0,1,3,4,2
985,4,3,2,1,1,1,5,2,0,0,2,0,1,2,3,0,1,2,2,2
986,2,1,2,1,2,4,3,2,2,1,2,0,1,1,3,0,1,4,4,3
988,4,2,1,1,1,3,2,2,4,3,2,1,1,0,0,1,1,2,4,2
989,4,2,2,1,0,1,7,2,3,3,2,0,1,1,2,0,1,2,2,4
990,2,1,2,2,3,1,4,4,2,3,2,0,1,1,2,0,1,1,3,3
991,4,4,1,2,3,0,7,0,3,3,2,3,0,1,2,0,1,2,2,3
992,2,4,2,1,1,3,7,4,1,2,2,3,1,2,2,0,1,2,2,2
993,4,3,1,1,1,3,5,2,4,3,2,0,1,1,0,1,1,3,3,2
994,4,3,1,1,3,3,1,4,3,3,2,3,1,1,3,1,1,1,2,4
996,4,4,1,1,1,3,2,2,0,1,2,0,1,1,0,1,1,3,3,3
997,4,4,1,1,3,3,7,2,3,3,2,3,1,1,3,0,1,1,1,3
998,4,4,1,1,1,3,7,2,0,3,2,1,1,0,3,1,1,4,2,2
999,3,4,1,1,0,1,2,0,4,3,2,3,1,1,3,0,1,4,3,2
